PRODUTOS,VALOR,QTDE VENDIDA
Felps Kit Xrepair Bio Molecular 2x1l + Máscara 300g + Brinde,128.39,140
20 Kits (60 Produtos) Belkit Bela Flor Natuza Bell Corpus R4,299.9,430
Dercos Shampoo Energizante Antiqueda Vichy 400ml,144.99,81
Magic Science Shampoo Caffeine Therapy,117.0,42
Dercos Kit Shampoo E Condicionador Energizante Vichy,179.9,159
Bio Extratus Antiqueda Shampoo 250ml Jaborandi,36.9,93
Bio Extratus Jaborandi Shampoo Antiqueda 1l,57.9,88
Kit Novex Doctor Rícino Óleo De Rícino Shampoo Crescimento,75.0,34
Kit Jaborandi Bio Extratus Antiqueda Crescimento Rápido,132.9,252
Kerium Antiqueda La Roche-posay Shampoo Antiqueda - Atacado,86.0,65
Shampoo Antiqueda Ada Tina Amplexe 200ml,152.8,28
Kit Pantovin Life Home Care Shampoo E Máscara 250ml+ Tônico ,76.8,90
Tio Nacho Shampoo Antiqueda Anti-idade 200ml,22.9,98
Tio Nacho Shampoo Antiqueda Ervas Milenares 415ml,32.9,274
Kit Guanxuma Vedis Cabelos Normais A Oleosos,42.5,100
Shampoo + Condicionador Tio Nacho Clareador Antiqueda 200ml Tio Nacho,42.0,480
Shampoo + Condicionador Tio Nacho Clareador Antiqueda 200ml Tio Nacho,42.0,480
Dercos Shampoo Energizante Antiqueda Vichy 400ml Pack 2 Un,249.9,136
Shampoo + Condicionador Tio Nacho Clareador Antiqueda 415ml ,69.0,85
Kit Tio Nacho Engrossador Shampoo E Condicionador Antiqueda,62.9,135
Energizing Shampoo Davines Anti-queda 250ml,189.99,169
Shampoo+spray Engrossador Antiqueda 415ml Tio Nacho,65.0,180
Shampoo Antiqueda Bétula Natural Phytoervas 250ml,23.9,93
Energizing Shampoo 1000ml - Davines,399.99,25
Shampoo Seda Recarga Natural Força  325ml,8.3,66
Shampoo Caffeines Therapy 240ml - Antiqueda E Crescimento,116.9,554
Inoarkit Cont Queda Sh 500+cond 250ml,25.29,267
Promoção Kit Jaborandi Antiqueda E Crescimento Rápido Shampoo  + Condicionador  1 Litro + Máscara 500gr Bio Extratus,167.9,312
Siàge Acelera Crescimento Shampoo + Condicionador + Leave In,79.9,131
Kit Haskell Cavalo Forte Shampoo E Condicionador 1 Litro,98.99,254
Kerium Antiqueda La Roche-posay Shampoo Antiqueda - Atacado,86.0,65
Pantovin Three Therapy Combo Com 3 Ítens Shampoo + Máscara + Tônico Antiqueda E Tratamento Acelerador De Crescimento,127.9,148
Shampoo Calvicie Masculino Tonico Antiquedas Bioplexnascefio,47.24,113
Inoarkit Cont Queda Sh 500+cond 250ml,25.29,267
Kit Antiqueda Shampoo E Condicionador Gota Dourada 300 Ml,32.02,40
Pantovin Three Therapy Combo Com 3 Ítens Shampoo + Máscara + Tônico Antiqueda E Tratamento Acelerador De Crescimento,127.9,148
Combo Pantovin Contendo Tônico 100ml  + Shampoo 500ml + Máscara 500ml Three Therapy Cresce Cabelo 3 X + Rápido,129.0,429
4 Kits (12 Produtos) Belkit Bela Flor Natuza Bell Corpus R3,69.9,122
Hair Sink Fresh Tratamento Antiqueda De Cabelos Shampoo 240ml E Tônico Capilar 140ml,47.04,836
Shampoo+condicionador Engrossador Antiqueda 415ml Tio Nacho,69.0,103
Vichy Shampoo Energizante Antiqueda Capilar Dercos 400ml,157.9,43
18 Itens - Shampoo + Condicionador + Máscara ,129.99,293
Tio Nacho Shampoo Antiqueda Anti-idade 415ml,32.9,78
Tio Nacho Shampoo Antiqueda Clareador 200ml,22.9,235
Farmaervas Jaborandi E Vitaminas - Shampoo Antiqueda 320ml,25.9,18
Kit Shampoo + Condicionador Tio Nacho Anti Idade 200ml,42.0,90
"Shampoo Sólido Natural E Vegano Cupuaçu, Neem E Capim Limão ",26.0,54
Shampoo Antiqueda Guanxuma Cabelos Oleosos 300ml - Vedis,24.9,339
Dercos Shampoo Energizante Antiqueda Vichy 400ml,139.9,257
Kérastase Specifique Bain Prevention 250ml ,139.99,96
Shampoo Seda Recarga Natural Força  325ml,8.3,66
20 Kits (60 Produtos) Belkit Bela Flor Natuza Bell Corpus R3,359.9,90
Kit Pantovin Life Home Care Shampoo E Máscara 250ml+ Tônico ,76.8,90
Acelera O Crescimento Siàge Eudora / Shampoo + Condicionador,45.9,222
Tio Nacho Shampoo Antiqueda Engrossador 415ml,34.9,866
Dercos Shampoo Energizante Vichy - Shampoo Para Enfraquecimento Capilar E Queda 400ml,115.33,1752
